IncomeType,PopulationSize,TotalCases,TotalDeaths,TotalVaccinationsGiven,TotalPeopleVaccinated,DeathRatePercentage,PopulationInfectedPercentage,PopulationVaccinatedPercentage
Low income,737604900,2322821,48012,332500404,242472144,2.06697,0.31491,32.8729
Lower middle income,3432097300,97456196,1340770,4947934073,2280547887,1.37577,2.83955,66.44765
Upper middle income,2525921300,244507143,2664831,5431268086,2108817120,1.08988,9.67992,83.48705
High income,1250514600,426651761,2928386,2820471715,998702781,0.68636,34.1181,79.86334
